--
-- PostgreSQL database dump
--

-- Dumped from database version 15.8 (Debian 15.8-1.pgdg110+1)
-- Dumped by pg_dump version 15.8 (Debian 15.8-1.pgdg110+1)

SET statement_timeout = 0;
SET lock_timeout = 0;
SET idle_in_transaction_session_timeout = 0;
SET client_encoding = 'UTF8';
SET standard_conforming_strings = on;
SELECT pg_catalog.set_config('search_path', '', false);
SET check_function_bodies = false;
SET xmloption = content;
SET client_min_messages = warning;
SET row_security = off;

--
-- Name: tiger; Type: SCHEMA; Schema: -; Owner: admin_saude
--

CREATE SCHEMA tiger;


ALTER SCHEMA tiger OWNER TO admin_saude;

--
-- Name: tiger_data; Type: SCHEMA; Schema: -; Owner: admin_saude
--

CREATE SCHEMA tiger_data;


ALTER SCHEMA tiger_data OWNER TO admin_saude;

--
-- Name: topology; Type: SCHEMA; Schema: -; Owner: admin_saude
--

CREATE SCHEMA topology;


ALTER SCHEMA topology OWNER TO admin_saude;

--
-- Name: SCHEMA topology; Type: COMMENT; Schema: -; Owner: admin_saude
--

COMMENT ON SCHEMA topology IS 'PostGIS Topology schema';


--
-- Name: fuzzystrmatch; Type: EXTENSION; Schema: -; Owner: -
--

CREATE EXTENSION IF NOT EXISTS fuzzystrmatch WITH SCHEMA public;


--
-- Name: EXTENSION fuzzystrmatch; Type: COMMENT; Schema: -; Owner: 
--

COMMENT ON EXTENSION fuzzystrmatch IS 'determine similarities and distance between strings';


--
-- Name: postgis; Type: EXTENSION; Schema: -; Owner: -
--

CREATE EXTENSION IF NOT EXISTS postgis WITH SCHEMA public;


--
-- Name: EXTENSION postgis; Type: COMMENT; Schema: -; Owner: 
--

COMMENT ON EXTENSION postgis IS 'PostGIS geometry and geography spatial types and functions';


--
-- Name: postgis_tiger_geocoder; Type: EXTENSION; Schema: -; Owner: -
--

CREATE EXTENSION IF NOT EXISTS postgis_tiger_geocoder WITH SCHEMA tiger;


--
-- Name: EXTENSION postgis_tiger_geocoder; Type: COMMENT; Schema: -; Owner: 
--

COMMENT ON EXTENSION postgis_tiger_geocoder IS 'PostGIS tiger geocoder and reverse geocoder';


--
-- Name: postgis_topology; Type: EXTENSION; Schema: -; Owner: -
--

CREATE EXTENSION IF NOT EXISTS postgis_topology WITH SCHEMA topology;


--
-- Name: EXTENSION postgis_topology; Type: COMMENT; Schema: -; Owner: 
--

COMMENT ON EXTENSION postgis_topology IS 'PostGIS topology spatial types and functions';


SET default_tablespace = '';

SET default_table_access_method = heap;

--
-- Name: auth_group; Type: TABLE; Schema: public; Owner: admin_saude
--

CREATE TABLE public.auth_group (
    id integer NOT NULL,
    name character varying(150) NOT NULL
);


ALTER TABLE public.auth_group OWNER TO admin_saude;

--
-- Name: auth_group_id_seq; Type: SEQUENCE; Schema: public; Owner: admin_saude
--

ALTER TABLE public.auth_group ALTER COLUMN id ADD GENERATED BY DEFAULT AS IDENTITY (
    SEQUENCE NAME public.auth_group_id_seq
    START WITH 1
    INCREMENT BY 1
    NO MINVALUE
    NO MAXVALUE
    CACHE 1
);


--
-- Name: auth_group_permissions; Type: TABLE; Schema: public; Owner: admin_saude
--

CREATE TABLE public.auth_group_permissions (
    id bigint NOT NULL,
    group_id integer NOT NULL,
    permission_id integer NOT NULL
);


ALTER TABLE public.auth_group_permissions OWNER TO admin_saude;

--
-- Name: auth_group_permissions_id_seq; Type: SEQUENCE; Schema: public; Owner: admin_saude
--

ALTER TABLE public.auth_group_permissions ALTER COLUMN id ADD GENERATED BY DEFAULT AS IDENTITY (
    SEQUENCE NAME public.auth_group_permissions_id_seq
    START WITH 1
    INCREMENT BY 1
    NO MINVALUE
    NO MAXVALUE
    CACHE 1
);


--
-- Name: auth_permission; Type: TABLE; Schema: public; Owner: admin_saude
--

CREATE TABLE public.auth_permission (
    id integer NOT NULL,
    name character varying(255) NOT NULL,
    content_type_id integer NOT NULL,
    codename character varying(100) NOT NULL
);


ALTER TABLE public.auth_permission OWNER TO admin_saude;

--
-- Name: auth_permission_id_seq; Type: SEQUENCE; Schema: public; Owner: admin_saude
--

ALTER TABLE public.auth_permission ALTER COLUMN id ADD GENERATED BY DEFAULT AS IDENTITY (
    SEQUENCE NAME public.auth_permission_id_seq
    START WITH 1
    INCREMENT BY 1
    NO MINVALUE
    NO MAXVALUE
    CACHE 1
);


--
-- Name: auth_user; Type: TABLE; Schema: public; Owner: admin_saude
--

CREATE TABLE public.auth_user (
    id integer NOT NULL,
    password character varying(128) NOT NULL,
    last_login timestamp with time zone,
    is_superuser boolean NOT NULL,
    username character varying(150) NOT NULL,
    first_name character varying(150) NOT NULL,
    last_name character varying(150) NOT NULL,
    email character varying(254) NOT NULL,
    is_staff boolean NOT NULL,
    is_active boolean NOT NULL,
    date_joined timestamp with time zone NOT NULL
);


ALTER TABLE public.auth_user OWNER TO admin_saude;

--
-- Name: auth_user_groups; Type: TABLE; Schema: public; Owner: admin_saude
--

CREATE TABLE public.auth_user_groups (
    id bigint NOT NULL,
    user_id integer NOT NULL,
    group_id integer NOT NULL
);


ALTER TABLE public.auth_user_groups OWNER TO admin_saude;

--
-- Name: auth_user_groups_id_seq; Type: SEQUENCE; Schema: public; Owner: admin_saude
--

ALTER TABLE public.auth_user_groups ALTER COLUMN id ADD GENERATED BY DEFAULT AS IDENTITY (
    SEQUENCE NAME public.auth_user_groups_id_seq
    START WITH 1
    INCREMENT BY 1
    NO MINVALUE
    NO MAXVALUE
    CACHE 1
);


--
-- Name: auth_user_id_seq; Type: SEQUENCE; Schema: public; Owner: admin_saude
--

ALTER TABLE public.auth_user ALTER COLUMN id ADD GENERATED BY DEFAULT AS IDENTITY (
    SEQUENCE NAME public.auth_user_id_seq
    START WITH 1
    INCREMENT BY 1
    NO MINVALUE
    NO MAXVALUE
    CACHE 1
);


--
-- Name: auth_user_user_permissions; Type: TABLE; Schema: public; Owner: admin_saude
--

CREATE TABLE public.auth_user_user_permissions (
    id bigint NOT NULL,
    user_id integer NOT NULL,
    permission_id integer NOT NULL
);


ALTER TABLE public.auth_user_user_permissions OWNER TO admin_saude;

--
-- Name: auth_user_user_permissions_id_seq; Type: SEQUENCE; Schema: public; Owner: admin_saude
--

ALTER TABLE public.auth_user_user_permissions ALTER COLUMN id ADD GENERATED BY DEFAULT AS IDENTITY (
    SEQUENCE NAME public.auth_user_user_permissions_id_seq
    START WITH 1
    INCREMENT BY 1
    NO MINVALUE
    NO MAXVALUE
    CACHE 1
);


--
-- Name: django_admin_log; Type: TABLE; Schema: public; Owner: admin_saude
--

CREATE TABLE public.django_admin_log (
    id integer NOT NULL,
    action_time timestamp with time zone NOT NULL,
    object_id text,
    object_repr character varying(200) NOT NULL,
    action_flag smallint NOT NULL,
    change_message text NOT NULL,
    content_type_id integer,
    user_id integer NOT NULL,
    CONSTRAINT django_admin_log_action_flag_check CHECK ((action_flag >= 0))
);


ALTER TABLE public.django_admin_log OWNER TO admin_saude;

--
-- Name: django_admin_log_id_seq; Type: SEQUENCE; Schema: public; Owner: admin_saude
--

ALTER TABLE public.django_admin_log ALTER COLUMN id ADD GENERATED BY DEFAULT AS IDENTITY (
    SEQUENCE NAME public.django_admin_log_id_seq
    START WITH 1
    INCREMENT BY 1
    NO MINVALUE
    NO MAXVALUE
    CACHE 1
);


--
-- Name: django_content_type; Type: TABLE; Schema: public; Owner: admin_saude
--

CREATE TABLE public.django_content_type (
    id integer NOT NULL,
    app_label character varying(100) NOT NULL,
    model character varying(100) NOT NULL
);


ALTER TABLE public.django_content_type OWNER TO admin_saude;

--
-- Name: django_content_type_id_seq; Type: SEQUENCE; Schema: public; Owner: admin_saude
--

ALTER TABLE public.django_content_type ALTER COLUMN id ADD GENERATED BY DEFAULT AS IDENTITY (
    SEQUENCE NAME public.django_content_type_id_seq
    START WITH 1
    INCREMENT BY 1
    NO MINVALUE
    NO MAXVALUE
    CACHE 1
);


--
-- Name: django_migrations; Type: TABLE; Schema: public; Owner: admin_saude
--

CREATE TABLE public.django_migrations (
    id bigint NOT NULL,
    app character varying(255) NOT NULL,
    name character varying(255) NOT NULL,
    applied timestamp with time zone NOT NULL
);


ALTER TABLE public.django_migrations OWNER TO admin_saude;

--
-- Name: django_migrations_id_seq; Type: SEQUENCE; Schema: public; Owner: admin_saude
--

ALTER TABLE public.django_migrations ALTER COLUMN id ADD GENERATED BY DEFAULT AS IDENTITY (
    SEQUENCE NAME public.django_migrations_id_seq
    START WITH 1
    INCREMENT BY 1
    NO MINVALUE
    NO MAXVALUE
    CACHE 1
);


--
-- Name: django_session; Type: TABLE; Schema: public; Owner: admin_saude
--

CREATE TABLE public.django_session (
    session_key character varying(40) NOT NULL,
    session_data text NOT NULL,
    expire_date timestamp with time zone NOT NULL
);


ALTER TABLE public.django_session OWNER TO admin_saude;

--
-- Name: endemias_agente; Type: TABLE; Schema: public; Owner: admin_saude
--

CREATE TABLE public.endemias_agente (
    id bigint NOT NULL,
    nome character varying(100) NOT NULL,
    matricula character varying(50) NOT NULL
);


ALTER TABLE public.endemias_agente OWNER TO admin_saude;

--
-- Name: endemias_agente_id_seq; Type: SEQUENCE; Schema: public; Owner: admin_saude
--

ALTER TABLE public.endemias_agente ALTER COLUMN id ADD GENERATED BY DEFAULT AS IDENTITY (
    SEQUENCE NAME public.endemias_agente_id_seq
    START WITH 1
    INCREMENT BY 1
    NO MINVALUE
    NO MAXVALUE
    CACHE 1
);


--
-- Name: endemias_imovel; Type: TABLE; Schema: public; Owner: admin_saude
--

CREATE TABLE public.endemias_imovel (
    id bigint NOT NULL,
    endereco character varying(255) NOT NULL,
    numero character varying(20),
    bairro character varying(100) NOT NULL,
    quarteirao character varying(50) NOT NULL,
    tipo character varying(2) NOT NULL,
    localizacao public.geometry(Point,4326) NOT NULL
);


ALTER TABLE public.endemias_imovel OWNER TO admin_saude;

--
-- Name: endemias_imovel_id_seq; Type: SEQUENCE; Schema: public; Owner: admin_saude
--

ALTER TABLE public.endemias_imovel ALTER COLUMN id ADD GENERATED BY DEFAULT AS IDENTITY (
    SEQUENCE NAME public.endemias_imovel_id_seq
    START WITH 1
    INCREMENT BY 1
    NO MINVALUE
    NO MAXVALUE
    CACHE 1
);


--
-- Name: endemias_visita; Type: TABLE; Schema: public; Owner: admin_saude
--

CREATE TABLE public.endemias_visita (
    id bigint NOT NULL,
    status character varying(1) NOT NULL,
    observacoes text,
    agente_id bigint NOT NULL,
    imovel_id bigint NOT NULL,
    adulticida_qtde double precision NOT NULL,
    adulticida_tipo character varying(50),
    amostras_coletadas integer NOT NULL,
    "dep_A1" integer NOT NULL,
    "dep_A2" integer NOT NULL,
    "dep_B" integer NOT NULL,
    "dep_C" integer NOT NULL,
    "dep_D1" integer NOT NULL,
    "dep_D2" integer NOT NULL,
    "dep_E" integer NOT NULL,
    depositos_eliminados integer NOT NULL,
    larvicida_1_dep_tratados integer NOT NULL,
    larvicida_1_qtde double precision NOT NULL,
    larvicida_1_tipo character varying(50),
    larvicida_2_dep_tratados integer NOT NULL,
    larvicida_2_qtde double precision NOT NULL,
    larvicida_2_tipo character varying(50),
    ciclo integer NOT NULL,
    data_visita timestamp with time zone NOT NULL,
    quantidade_larvas integer NOT NULL,
    semana_epidemiologica integer NOT NULL
);


ALTER TABLE public.endemias_visita OWNER TO admin_saude;

--
-- Name: endemias_visita_id_seq; Type: SEQUENCE; Schema: public; Owner: admin_saude
--

ALTER TABLE public.endemias_visita ALTER COLUMN id ADD GENERATED BY DEFAULT AS IDENTITY (
    SEQUENCE NAME public.endemias_visita_id_seq
    START WITH 1
    INCREMENT BY 1
    NO MINVALUE
    NO MAXVALUE
    CACHE 1
);


--
-- Data for Name: auth_group; Type: TABLE DATA; Schema: public; Owner: admin_saude
--

COPY public.auth_group (id, name) FROM stdin;
\.


--
-- Data for Name: auth_group_permissions; Type: TABLE DATA; Schema: public; Owner: admin_saude
--

COPY public.auth_group_permissions (id, group_id, permission_id) FROM stdin;
\.


--
-- Data for Name: auth_permission; Type: TABLE DATA; Schema: public; Owner: admin_saude
--

COPY public.auth_permission (id, name, content_type_id, codename) FROM stdin;
1	Can add log entry	1	add_logentry
2	Can change log entry	1	change_logentry
3	Can delete log entry	1	delete_logentry
4	Can view log entry	1	view_logentry
5	Can add permission	2	add_permission
6	Can change permission	2	change_permission
7	Can delete permission	2	delete_permission
8	Can view permission	2	view_permission
9	Can add group	3	add_group
10	Can change group	3	change_group
11	Can delete group	3	delete_group
12	Can view group	3	view_group
13	Can add user	4	add_user
14	Can change user	4	change_user
15	Can delete user	4	delete_user
16	Can view user	4	view_user
17	Can add content type	5	add_contenttype
18	Can change content type	5	change_contenttype
19	Can delete content type	5	delete_contenttype
20	Can view content type	5	view_contenttype
21	Can add session	6	add_session
22	Can change session	6	change_session
23	Can delete session	6	delete_session
24	Can view session	6	view_session
25	Can add agente	7	add_agente
26	Can change agente	7	change_agente
27	Can delete agente	7	delete_agente
28	Can view agente	7	view_agente
29	Can add visita	8	add_visita
30	Can change visita	8	change_visita
31	Can delete visita	8	delete_visita
32	Can view visita	8	view_visita
33	Can add Imóvel	9	add_imovel
34	Can change Imóvel	9	change_imovel
35	Can delete Imóvel	9	delete_imovel
36	Can view Imóvel	9	view_imovel
\.


--
-- Data for Name: auth_user; Type: TABLE DATA; Schema: public; Owner: admin_saude
--

COPY public.auth_user (id, password, last_login, is_superuser, username, first_name, last_name, email, is_staff, is_active, date_joined) FROM stdin;
1	pbkdf2_sha256$600000$kVMGU87Jf5T1YEbnTuORrT$obUbCu4YOqlB5k8mA4QJ2ew7ivAfDEaBqrjJSOnROVc=	2026-03-10 10:49:09.037899+00	t	leandro			leandroam85@gmail.com	t	t	2026-03-09 18:58:03.800639+00
\.


--
-- Data for Name: auth_user_groups; Type: TABLE DATA; Schema: public; Owner: admin_saude
--

COPY public.auth_user_groups (id, user_id, group_id) FROM stdin;
\.


--
-- Data for Name: auth_user_user_permissions; Type: TABLE DATA; Schema: public; Owner: admin_saude
--

COPY public.auth_user_user_permissions (id, user_id, permission_id) FROM stdin;
\.


--
-- Data for Name: django_admin_log; Type: TABLE DATA; Schema: public; Owner: admin_saude
--

COPY public.django_admin_log (id, action_time, object_id, object_repr, action_flag, change_message, content_type_id, user_id) FROM stdin;
1	2026-03-10 10:54:01.902676+00	1	LEANDRO	1	[{"added": {}}]	7	1
2	2026-03-10 10:55:22.381648+00	1	avenida bahia numero, 276 - inconfidentes (Q: 30)	1	[{"added": {}}]	9	1
3	2026-03-10 10:55:50.311808+00	1	Visita: avenida bahia numero, 276 - inconfidentes (Q: 30) em 10/03/2026	1	[{"added": {}}]	8	1
36	2026-03-11 21:50:56.977966+00	3	Weverton	2	[]	7	1
37	2026-03-11 21:54:46.329616+00	1	LEANDRO	2	[]	7	1
38	2026-03-11 22:01:33.193521+00	1	avenida bahia numero, 276 - inconfidentes (Q: 30)	3		9	1
39	2026-03-12 10:09:45.954304+00	2	avenida bahia numero, 276 - inconfidentes (Q: 30)	1	[{"added": {}}]	9	1
40	2026-03-12 17:55:15.041335+00	1	LEANDRO	2	[]	7	1
41	2026-03-12 17:55:18.764257+00	6	Marcos	2	[]	7	1
42	2026-03-12 20:54:15.107964+00	15	rua c, 458 - Vila Nova (Q: 33)	3		9	1
43	2026-03-12 20:55:14.403616+00	4	10, 200 - vila nova (Q: 10)	2	[{"changed": {"fields": ["Localiza\\u00e7\\u00e3o GPS"]}}]	9	1
\.


--
-- Data for Name: django_content_type; Type: TABLE DATA; Schema: public; Owner: admin_saude
--

COPY public.django_content_type (id, app_label, model) FROM stdin;
1	admin	logentry
2	auth	permission
3	auth	group
4	auth	user
5	contenttypes	contenttype
6	sessions	session
7	endemias	agente
8	endemias	visita
9	endemias	imovel
\.


--
-- Data for Name: django_migrations; Type: TABLE DATA; Schema: public; Owner: admin_saude
--

COPY public.django_migrations (id, app, name, applied) FROM stdin;
1	contenttypes	0001_initial	2026-03-09 18:41:11.089836+00
2	auth	0001_initial	2026-03-09 18:41:11.255449+00
3	admin	0001_initial	2026-03-09 18:41:11.303154+00
4	admin	0002_logentry_remove_auto_add	2026-03-09 18:41:11.31226+00
5	admin	0003_logentry_add_action_flag_choices	2026-03-09 18:41:11.320684+00
6	contenttypes	0002_remove_content_type_name	2026-03-09 18:41:11.338692+00
7	auth	0002_alter_permission_name_max_length	2026-03-09 18:41:11.34846+00
8	auth	0003_alter_user_email_max_length	2026-03-09 18:41:11.358553+00
9	auth	0004_alter_user_username_opts	2026-03-09 18:41:11.3682+00
10	auth	0005_alter_user_last_login_null	2026-03-09 18:41:11.376647+00
11	auth	0006_require_contenttypes_0002	2026-03-09 18:41:11.381528+00
12	auth	0007_alter_validators_add_error_messages	2026-03-09 18:41:11.390846+00
13	auth	0008_alter_user_username_max_length	2026-03-09 18:41:11.40706+00
14	auth	0009_alter_user_last_name_max_length	2026-03-09 18:41:11.418554+00
15	auth	0010_alter_group_name_max_length	2026-03-09 18:41:11.429166+00
16	auth	0011_update_proxy_permissions	2026-03-09 18:41:11.439321+00
17	auth	0012_alter_user_first_name_max_length	2026-03-09 18:41:11.451051+00
18	sessions	0001_initial	2026-03-09 18:41:11.487268+00
19	endemias	0001_initial	2026-03-10 10:47:50.619511+00
20	endemias	0002_remove_visita_foco_mosquito_encontrado_and_more	2026-03-12 17:40:14.451722+00
21	endemias	0003_alter_imovel_options_remove_agente_ativo_and_more	2026-03-12 21:35:24.746169+00
22	endemias	0004_alter_visita_data_visita	2026-03-13 11:40:12.595621+00
\.


--
-- Data for Name: django_session; Type: TABLE DATA; Schema: public; Owner: admin_saude
--

COPY public.django_session (session_key, session_data, expire_date) FROM stdin;
ehqzrw2ipbp9kdqwd1atzkpnnt5i4idi	.eJxVjDsOwjAQRO_iGln-4B8lPWewdtc2DiBbipMKcXcSKQV0o3lv5s0irEuN68hznBK7MMlOvx0CPXPbQXpAu3dOvS3zhHxX-EEHv_WUX9fD_TuoMOq2JpJSkPHKSkBPDi3JJLRTaEImB462VEoJLpy1IuFRoy1oNKZQDEr2-QLsLDhb:1vzueD:KaM7H1Hi7ZMv7qhn2Q4D5ftj-KV-tkE-ZicHBzG5JEw	2026-03-24 10:49:09.041363+00
\.


--
-- Data for Name: endemias_agente; Type: TABLE DATA; Schema: public; Owner: admin_saude
--

COPY public.endemias_agente (id, nome, matricula) FROM stdin;
2	nelio	2376
3	Weverton	800
4	Jose Raimundo	4022
5	Gilmara	4030
1	LEANDRO	2379
6	Marcos	2360
\.


--
-- Data for Name: endemias_imovel; Type: TABLE DATA; Schema: public; Owner: admin_saude
--

COPY public.endemias_imovel (id, endereco, numero, bairro, quarteirao, tipo, localizacao) FROM stdin;
2	avenida bahia numero	276	inconfidentes	30	R	0101000020E6100000136F8561D98E49C0A9B9D7E9D90724C0
3	Avelino Gregório Demétrio	199	Setor Sul	20	C	0101000020E61000004C37894160855EC0DABB500A04B64240
5	5	230	setor sul	1	P	0101000020E61000004C37894160855EC0DABB500A04B64240
6	2	S;N	Setor Sul	20	T	0101000020E61000004C37894160855EC0DABB500A04B64240
7	a	120	Vila Nova	01	R	0101000020E61000004C37894160855EC0DABB500A04B64240
8	rua para	800	Tiradentes	15	O	0101000020E61000004C37894160855EC0DABB500A04B64240
9	rua b	22	Vila Nova	03	R	0101000020E61000004C37894160855EC0DABB500A04B64240
10	rua 10	159	Setor Sul	8	R	0101000020E61000004C37894160855EC0DABB500A04B64240
11	rua 1	26	Tiradentes	01	R	0101000020E61000004C37894160855EC0DABB500A04B64240
12	rua parana	120	São Pedro	8	R	0101000020E61000004C37894160855EC0DABB500A04B64240
13	ruas das araras	10	Cidade Jardim	5	R	0101000020E61000004C37894160855EC0DABB500A04B64240
14	rua b	124	Vila Nova	02	R	0101000020E61000004C37894160855EC0DABB500A04B64240
4	10	200	vila nova	10	R	0101000020E61000005C6F7B3660855EC0B47A4B1204B64240
16	rua 1	455	Vila Nova	20	C	0101000020E61000004C37894160855EC0DABB500A04B64240
17	rua p	77	Vila Nova	31	C	0101000020E61000004C37894160855EC0DABB500A04B64240
18	rua das perdizes	555	Cidade Jardim	13	C	0101000020E61000004C37894160855EC0DABB500A04B64240
19	RUA 62	210	Setor Oeste	33	O	0101000020E61000004C37894160855EC0DABB500A04B64240
20	rua 10	155	Setor Oeste	3	R	0101000020E61000004C37894160855EC0DABB500A04B64240
21	rua 3	345	Vila Nova	27	C	0101000020E6100000BFE0890FA28E49C028525040C90724C0
22	rua 3	167	Vila Nova	27	PE	0101000020E6100000253CA1D79F8E49C089C21D5EC60724C0
23	rua 5	128	Cristo Rei	3	TB	0101000020E6100000BACD65B49F8E49C0F3B4577AC80724C0
24	rua 1	130	Cristo Rei	3	C	0101000020E6100000EF3C4C56A08E49C0F3FC0EEAC70724C0
25	rua 2		Cristo Rei	4	R	0101000020E6100000D81423A69F8E49C0FCD1263DC20724C0
26	rua 6	89	Cristo Rei	6	R	0101000020E61000006DA6E7829F8E49C0481B47ACC50724C0
27	rua 9	133	Cristo Rei	6	R	0101000020E6100000D8CC6B36A08E49C01EF8BDF2C50724C0
28	rua 1	12	Cristo Rei	10	R	0101000020E6100000198EE733A08E49C0D1D67734C40724C0
29	rua 12	180	Cristo Rei	11	R	0101000020E61000004FD5F3249F8E49C09D11A5BDC10724C0
30	rua 13	90	Cristo Rei	13	R	0101000020E610000002F0F4EF9F8E49C0E20D1FC7C50724C0
31	rua 13	99	Cristo Rei	13	TB	0101000020E6100000672B2FF99F8E49C09A417C60C70724C0
\.


--
-- Data for Name: endemias_visita; Type: TABLE DATA; Schema: public; Owner: admin_saude
--

COPY public.endemias_visita (id, status, observacoes, agente_id, imovel_id, adulticida_qtde, adulticida_tipo, amostras_coletadas, "dep_A1", "dep_A2", "dep_B", "dep_C", "dep_D1", "dep_D2", "dep_E", depositos_eliminados, larvicida_1_dep_tratados, larvicida_1_qtde, larvicida_1_tipo, larvicida_2_dep_tratados, larvicida_2_qtde, larvicida_2_tipo, ciclo, data_visita, quantidade_larvas, semana_epidemiologica) FROM stdin;
35	F		1	3	0	\N	0	0	0	0	0	0	0	0	0	0	0	\N	0	0	\N	1	2026-01-01 00:00:00+00	0	1
36	N		1	2	0		0	1	4	0	1	1	10	0	5	4	1		0	0	\N	1	2026-01-01 00:00:00+00	0	1
38	N		1	7	0		0	2	2	1	8	9	2	0	10	10	1	bti	0	0	\N	1	2026-01-01 00:00:00+00	0	1
37	N		1	7	0		0	1	0	0	2	1	0	2	0	0	0		0	0	\N	1	2026-01-01 00:00:00+00	0	1
39	N		1	7	0		1	0	2	0	0	2	10	1	2	5	0.5	BTI	0	0		1	2026-01-01 00:00:00+00	0	1
40	N		1	9	0		0	0	0	0	0	0	0	0	0	0	0		0	0		1	2026-01-01 00:00:00+00	0	1
34	F		1	2	0		0	0	0	0	0	0	0	0	0	0	0		0	0		1	2026-01-01 00:00:00+00	0	1
41	N		1	7	0	\N	1	0	0	0	0	1	1	0	1	0	0		0	0	\N	1	2026-01-01 00:00:00+00	0	1
42	N		1	10	0	\N	0	1	5	2	0	2	20	0	0	0	0		0	0	\N	1	2026-01-01 00:00:00+00	0	1
43	N		1	11	0	\N	0	0	0	0	0	0	0	0	0	0	0		0	0	\N	1	2026-01-01 00:00:00+00	0	1
44	N		1	12	0	\N	0	0	0	0	0	0	0	0	0	0	0		0	0	\N	1	2026-01-01 00:00:00+00	0	1
45	N		1	13	0		0	0	0	0	0	1	0	0	1	0	0		0	0		1	2026-01-01 00:00:00+00	0	1
46	F		1	14	0		0	0	0	0	0	0	0	0	0	0	0		0	0		1	2026-01-01 00:00:00+00	0	1
47	N		1	17	0		2	5	7	1	0	4	30	1	11	5	1	BTI	0	0		2	2026-03-12 00:00:00+00	6	9
48	N		1	13	0		0	4	0	0	0	4	0	2	0	0	0		0	0		2	2026-03-12 00:00:00+00	4	9
49	N		1	18	0		0	0	2	5	0	0	9	0	0	0	0		0	0		2	2026-03-12 00:00:00+00	0	9
50	N		1	7	0		2	4	4	0	0	4	0	5	0	0	0		0	0		2	2026-03-13 00:00:00+00	10	17
51	F		1	7	0		0	0	0	0	0	0	0	0	0	0	0		0	0		2	2026-03-13 00:00:00+00	0	10
52	N		1	7	0		1	0	5	5	5	5	5	0	8	0	0		0	0		2	2026-03-13 00:00:00+00	5	10
53	N		1	7	0		1	1	0	70	0	0	1	1	0	0	0		0	0		2	2026-03-13 00:00:00+00	8	10
54	N		1	7	0		1	1	0	0	0	1	1	0	0	0	0		0	0		2	2026-03-13 11:42:47.527163+00	5	10
55	N		1	19	0		0	0	5	5	0	0	6	0	0	0	0		0	0		2	2026-03-13 11:44:51.273723+00	0	10
56	N		1	7	0		0	1	5	5	0	2	2	1	0	0	0		0	0		2	2026-03-13 11:59:28.486944+00	0	10
57	N		1	21	0		1	1	5	0	6	0	3	0	10	5	1	BTI	0	0		2	2026-03-13 15:48:12.61653+00	3	10
58	N		1	23	0		1	0	2	10	1	3	25	0	30	0	0		0	0		2	2026-03-13 16:08:02.607819+00	3	10
59	N		1	24	0		0	1	10	0	0	0	6	0	0	0	0		0	0		2	2026-03-13 16:21:11.701665+00	0	10
60	N		1	25	0		0	6	0	0	0	0	0	0	0	0	0		0	0		2	2026-03-13 16:22:46.575578+00	0	10
61	N		1	24	0		0	0	0	0	0	0	0	0	0	0	0		0	0		2	2026-03-13 16:23:42.215905+00	0	10
62	N		1	30	0		1	2	8	0	9	0	6	0	0	0	0		0	0		2	2026-03-13 19:47:27.005094+00	3	10
63	N		1	31	0		10	13	5	0	0	2	6	0	100	0	0		0	0		2	2026-03-13 19:49:51.583987+00	30	10
\.


--
-- Data for Name: spatial_ref_sys; Type: TABLE DATA; Schema: public; Owner: admin_saude
--

COPY public.spatial_ref_sys (srid, auth_name, auth_srid, srtext, proj4text) FROM stdin;
\.


--
-- Data for Name: geocode_settings; Type: TABLE DATA; Schema: tiger; Owner: admin_saude
--

COPY tiger.geocode_settings (name, setting, unit, category, short_desc) FROM stdin;
\.


--
-- Data for Name: pagc_gaz; Type: TABLE DATA; Schema: tiger; Owner: admin_saude
--

COPY tiger.pagc_gaz (id, seq, word, stdword, token, is_custom) FROM stdin;
\.


--
-- Data for Name: pagc_lex; Type: TABLE DATA; Schema: tiger; Owner: admin_saude
--

COPY tiger.pagc_lex (id, seq, word, stdword, token, is_custom) FROM stdin;
\.


--
-- Data for Name: pagc_rules; Type: TABLE DATA; Schema: tiger; Owner: admin_saude
--

COPY tiger.pagc_rules (id, rule, is_custom) FROM stdin;
\.


--
-- Data for Name: topology; Type: TABLE DATA; Schema: topology; Owner: admin_saude
--

COPY topology.topology (id, name, srid, "precision", hasz) FROM stdin;
\.


--
-- Data for Name: layer; Type: TABLE DATA; Schema: topology; Owner: admin_saude
--

COPY topology.layer (topology_id, layer_id, schema_name, table_name, feature_column, feature_type, level, child_id) FROM stdin;
\.


--
-- Name: auth_group_id_seq; Type: SEQUENCE SET; Schema: public; Owner: admin_saude
--

SELECT pg_catalog.setval('public.auth_group_id_seq', 1, false);


--
-- Name: auth_group_permissions_id_seq; Type: SEQUENCE SET; Schema: public; Owner: admin_saude
--

SELECT pg_catalog.setval('public.auth_group_permissions_id_seq', 1, false);


--
-- Name: auth_permission_id_seq; Type: SEQUENCE SET; Schema: public; Owner: admin_saude
--

SELECT pg_catalog.setval('public.auth_permission_id_seq', 36, true);


--
-- Name: auth_user_groups_id_seq; Type: SEQUENCE SET; Schema: public; Owner: admin_saude
--

SELECT pg_catalog.setval('public.auth_user_groups_id_seq', 1, false);


--
-- Name: auth_user_id_seq; Type: SEQUENCE SET; Schema: public; Owner: admin_saude
--

SELECT pg_catalog.setval('public.auth_user_id_seq', 1, true);


--
-- Name: auth_user_user_permissions_id_seq; Type: SEQUENCE SET; Schema: public; Owner: admin_saude
--

SELECT pg_catalog.setval('public.auth_user_user_permissions_id_seq', 1, false);


--
-- Name: django_admin_log_id_seq; Type: SEQUENCE SET; Schema: public; Owner: admin_saude
--

SELECT pg_catalog.setval('public.django_admin_log_id_seq', 43, true);


--
-- Name: django_content_type_id_seq; Type: SEQUENCE SET; Schema: public; Owner: admin_saude
--

SELECT pg_catalog.setval('public.django_content_type_id_seq', 9, true);


--
-- Name: django_migrations_id_seq; Type: SEQUENCE SET; Schema: public; Owner: admin_saude
--

SELECT pg_catalog.setval('public.django_migrations_id_seq', 22, true);


--
-- Name: endemias_agente_id_seq; Type: SEQUENCE SET; Schema: public; Owner: admin_saude
--

SELECT pg_catalog.setval('public.endemias_agente_id_seq', 6, true);


--
-- Name: endemias_imovel_id_seq; Type: SEQUENCE SET; Schema: public; Owner: admin_saude
--

SELECT pg_catalog.setval('public.endemias_imovel_id_seq', 31, true);


--
-- Name: endemias_visita_id_seq; Type: SEQUENCE SET; Schema: public; Owner: admin_saude
--

SELECT pg_catalog.setval('public.endemias_visita_id_seq', 63, true);


--
-- Name: topology_id_seq; Type: SEQUENCE SET; Schema: topology; Owner: admin_saude
--

SELECT pg_catalog.setval('topology.topology_id_seq', 1, false);


--
-- Name: auth_group auth_group_name_key; Type: CONSTRAINT; Schema: public; Owner: admin_saude
--

ALTER TABLE ONLY public.auth_group
    ADD CONSTRAINT auth_group_name_key UNIQUE (name);


--
-- Name: auth_group_permissions auth_group_permissions_group_id_permission_id_0cd325b0_uniq; Type: CONSTRAINT; Schema: public; Owner: admin_saude
--

ALTER TABLE ONLY public.auth_group_permissions
    ADD CONSTRAINT auth_group_permissions_group_id_permission_id_0cd325b0_uniq UNIQUE (group_id, permission_id);


--
-- Name: auth_group_permissions auth_group_permissions_pkey; Type: CONSTRAINT; Schema: public; Owner: admin_saude
--

ALTER TABLE ONLY public.auth_group_permissions
    ADD CONSTRAINT auth_group_permissions_pkey PRIMARY KEY (id);


--
-- Name: auth_group auth_group_pkey; Type: CONSTRAINT; Schema: public; Owner: admin_saude
--

ALTER TABLE ONLY public.auth_group
    ADD CONSTRAINT auth_group_pkey PRIMARY KEY (id);


--
-- Name: auth_permission auth_permission_content_type_id_codename_01ab375a_uniq; Type: CONSTRAINT; Schema: public; Owner: admin_saude
--

ALTER TABLE ONLY public.auth_permission
    ADD CONSTRAINT auth_permission_content_type_id_codename_01ab375a_uniq UNIQUE (content_type_id, codename);


--
-- Name: auth_permission auth_permission_pkey; Type: CONSTRAINT; Schema: public; Owner: admin_saude
--

ALTER TABLE ONLY public.auth_permission
    ADD CONSTRAINT auth_permission_pkey PRIMARY KEY (id);


--
-- Name: auth_user_groups auth_user_groups_pkey; Type: CONSTRAINT; Schema: public; Owner: admin_saude
--

ALTER TABLE ONLY public.auth_user_groups
    ADD CONSTRAINT auth_user_groups_pkey PRIMARY KEY (id);


--
-- Name: auth_user_groups auth_user_groups_user_id_group_id_94350c0c_uniq; Type: CONSTRAINT; Schema: public; Owner: admin_saude
--

ALTER TABLE ONLY public.auth_user_groups
    ADD CONSTRAINT auth_user_groups_user_id_group_id_94350c0c_uniq UNIQUE (user_id, group_id);


--
-- Name: auth_user auth_user_pkey; Type: CONSTRAINT; Schema: public; Owner: admin_saude
--

ALTER TABLE ONLY public.auth_user
    ADD CONSTRAINT auth_user_pkey PRIMARY KEY (id);


--
-- Name: auth_user_user_permissions auth_user_user_permissions_pkey; Type: CONSTRAINT; Schema: public; Owner: admin_saude
--

ALTER TABLE ONLY public.auth_user_user_permissions
    ADD CONSTRAINT auth_user_user_permissions_pkey PRIMARY KEY (id);


--
-- Name: auth_user_user_permissions auth_user_user_permissions_user_id_permission_id_14a6b632_uniq; Type: CONSTRAINT; Schema: public; Owner: admin_saude
--

ALTER TABLE ONLY public.auth_user_user_permissions
    ADD CONSTRAINT auth_user_user_permissions_user_id_permission_id_14a6b632_uniq UNIQUE (user_id, permission_id);


--
-- Name: auth_user auth_user_username_key; Type: CONSTRAINT; Schema: public; Owner: admin_saude
--

ALTER TABLE ONLY public.auth_user
    ADD CONSTRAINT auth_user_username_key UNIQUE (username);


--
-- Name: django_admin_log django_admin_log_pkey; Type: CONSTRAINT; Schema: public; Owner: admin_saude
--

ALTER TABLE ONLY public.django_admin_log
    ADD CONSTRAINT django_admin_log_pkey PRIMARY KEY (id);


--
-- Name: django_content_type django_content_type_app_label_model_76bd3d3b_uniq; Type: CONSTRAINT; Schema: public; Owner: admin_saude
--

ALTER TABLE ONLY public.django_content_type
    ADD CONSTRAINT django_content_type_app_label_model_76bd3d3b_uniq UNIQUE (app_label, model);


--
-- Name: django_content_type django_content_type_pkey; Type: CONSTRAINT; Schema: public; Owner: admin_saude
--

ALTER TABLE ONLY public.django_content_type
    ADD CONSTRAINT django_content_type_pkey PRIMARY KEY (id);


--
-- Name: django_migrations django_migrations_pkey; Type: CONSTRAINT; Schema: public; Owner: admin_saude
--

ALTER TABLE ONLY public.django_migrations
    ADD CONSTRAINT django_migrations_pkey PRIMARY KEY (id);


--
-- Name: django_session django_session_pkey; Type: CONSTRAINT; Schema: public; Owner: admin_saude
--

ALTER TABLE ONLY public.django_session
    ADD CONSTRAINT django_session_pkey PRIMARY KEY (session_key);


--
-- Name: endemias_agente endemias_agente_matricula_key; Type: CONSTRAINT; Schema: public; Owner: admin_saude
--

ALTER TABLE ONLY public.endemias_agente
    ADD CONSTRAINT endemias_agente_matricula_key UNIQUE (matricula);


--
-- Name: endemias_agente endemias_agente_pkey; Type: CONSTRAINT; Schema: public; Owner: admin_saude
--

ALTER TABLE ONLY public.endemias_agente
    ADD CONSTRAINT endemias_agente_pkey PRIMARY KEY (id);


--
-- Name: endemias_imovel endemias_imovel_pkey; Type: CONSTRAINT; Schema: public; Owner: admin_saude
--

ALTER TABLE ONLY public.endemias_imovel
    ADD CONSTRAINT endemias_imovel_pkey PRIMARY KEY (id);


--
-- Name: endemias_visita endemias_visita_pkey; Type: CONSTRAINT; Schema: public; Owner: admin_saude
--

ALTER TABLE ONLY public.endemias_visita
    ADD CONSTRAINT endemias_visita_pkey PRIMARY KEY (id);


--
-- Name: auth_group_name_a6ea08ec_like; Type: INDEX; Schema: public; Owner: admin_saude
--

CREATE INDEX auth_group_name_a6ea08ec_like ON public.auth_group USING btree (name varchar_pattern_ops);


--
-- Name: auth_group_permissions_group_id_b120cbf9; Type: INDEX; Schema: public; Owner: admin_saude
--

CREATE INDEX auth_group_permissions_group_id_b120cbf9 ON public.auth_group_permissions USING btree (group_id);


--
-- Name: auth_group_permissions_permission_id_84c5c92e; Type: INDEX; Schema: public; Owner: admin_saude
--

CREATE INDEX auth_group_permissions_permission_id_84c5c92e ON public.auth_group_permissions USING btree (permission_id);


--
-- Name: auth_permission_content_type_id_2f476e4b; Type: INDEX; Schema: public; Owner: admin_saude
--

CREATE INDEX auth_permission_content_type_id_2f476e4b ON public.auth_permission USING btree (content_type_id);


--
-- Name: auth_user_groups_group_id_97559544; Type: INDEX; Schema: public; Owner: admin_saude
--

CREATE INDEX auth_user_groups_group_id_97559544 ON public.auth_user_groups USING btree (group_id);


--
-- Name: auth_user_groups_user_id_6a12ed8b; Type: INDEX; Schema: public; Owner: admin_saude
--

CREATE INDEX auth_user_groups_user_id_6a12ed8b ON public.auth_user_groups USING btree (user_id);


--
-- Name: auth_user_user_permissions_permission_id_1fbb5f2c; Type: INDEX; Schema: public; Owner: admin_saude
--

CREATE INDEX auth_user_user_permissions_permission_id_1fbb5f2c ON public.auth_user_user_permissions USING btree (permission_id);


--
-- Name: auth_user_user_permissions_user_id_a95ead1b; Type: INDEX; Schema: public; Owner: admin_saude
--

CREATE INDEX auth_user_user_permissions_user_id_a95ead1b ON public.auth_user_user_permissions USING btree (user_id);


--
-- Name: auth_user_username_6821ab7c_like; Type: INDEX; Schema: public; Owner: admin_saude
--

CREATE INDEX auth_user_username_6821ab7c_like ON public.auth_user USING btree (username varchar_pattern_ops);


--
-- Name: django_admin_log_content_type_id_c4bce8eb; Type: INDEX; Schema: public; Owner: admin_saude
--

CREATE INDEX django_admin_log_content_type_id_c4bce8eb ON public.django_admin_log USING btree (content_type_id);


--
-- Name: django_admin_log_user_id_c564eba6; Type: INDEX; Schema: public; Owner: admin_saude
--

CREATE INDEX django_admin_log_user_id_c564eba6 ON public.django_admin_log USING btree (user_id);


--
-- Name: django_session_expire_date_a5c62663; Type: INDEX; Schema: public; Owner: admin_saude
--

CREATE INDEX django_session_expire_date_a5c62663 ON public.django_session USING btree (expire_date);


--
-- Name: django_session_session_key_c0390e0f_like; Type: INDEX; Schema: public; Owner: admin_saude
--

CREATE INDEX django_session_session_key_c0390e0f_like ON public.django_session USING btree (session_key varchar_pattern_ops);


--
-- Name: endemias_agente_matricula_aa62abe6_like; Type: INDEX; Schema: public; Owner: admin_saude
--

CREATE INDEX endemias_agente_matricula_aa62abe6_like ON public.endemias_agente USING btree (matricula varchar_pattern_ops);


--
-- Name: endemias_imovel_localizacao_7775b186_id; Type: INDEX; Schema: public; Owner: admin_saude
--

CREATE INDEX endemias_imovel_localizacao_7775b186_id ON public.endemias_imovel USING gist (localizacao);


--
-- Name: endemias_visita_agente_id_27ed2438; Type: INDEX; Schema: public; Owner: admin_saude
--

CREATE INDEX endemias_visita_agente_id_27ed2438 ON public.endemias_visita USING btree (agente_id);


--
-- Name: endemias_visita_imovel_id_7ed6c3c6; Type: INDEX; Schema: public; Owner: admin_saude
--

CREATE INDEX endemias_visita_imovel_id_7ed6c3c6 ON public.endemias_visita USING btree (imovel_id);


--
-- Name: auth_group_permissions auth_group_permissio_permission_id_84c5c92e_fk_auth_perm; Type: FK CONSTRAINT; Schema: public; Owner: admin_saude
--

ALTER TABLE ONLY public.auth_group_permissions
    ADD CONSTRAINT auth_group_permissio_permission_id_84c5c92e_fk_auth_perm FOREIGN KEY (permission_id) REFERENCES public.auth_permission(id) DEFERRABLE INITIALLY DEFERRED;


--
-- Name: auth_group_permissions auth_group_permissions_group_id_b120cbf9_fk_auth_group_id; Type: FK CONSTRAINT; Schema: public; Owner: admin_saude
--

ALTER TABLE ONLY public.auth_group_permissions
    ADD CONSTRAINT auth_group_permissions_group_id_b120cbf9_fk_auth_group_id FOREIGN KEY (group_id) REFERENCES public.auth_group(id) DEFERRABLE INITIALLY DEFERRED;


--
-- Name: auth_permission auth_permission_content_type_id_2f476e4b_fk_django_co; Type: FK CONSTRAINT; Schema: public; Owner: admin_saude
--

ALTER TABLE ONLY public.auth_permission
    ADD CONSTRAINT auth_permission_content_type_id_2f476e4b_fk_django_co FOREIGN KEY (content_type_id) REFERENCES public.django_content_type(id) DEFERRABLE INITIALLY DEFERRED;


--
-- Name: auth_user_groups auth_user_groups_group_id_97559544_fk_auth_group_id; Type: FK CONSTRAINT; Schema: public; Owner: admin_saude
--

ALTER TABLE ONLY public.auth_user_groups
    ADD CONSTRAINT auth_user_groups_group_id_97559544_fk_auth_group_id FOREIGN KEY (group_id) REFERENCES public.auth_group(id) DEFERRABLE INITIALLY DEFERRED;


--
-- Name: auth_user_groups auth_user_groups_user_id_6a12ed8b_fk_auth_user_id; Type: FK CONSTRAINT; Schema: public; Owner: admin_saude
--

ALTER TABLE ONLY public.auth_user_groups
    ADD CONSTRAINT auth_user_groups_user_id_6a12ed8b_fk_auth_user_id FOREIGN KEY (user_id) REFERENCES public.auth_user(id) DEFERRABLE INITIALLY DEFERRED;


--
-- Name: auth_user_user_permissions auth_user_user_permi_permission_id_1fbb5f2c_fk_auth_perm; Type: FK CONSTRAINT; Schema: public; Owner: admin_saude
--

ALTER TABLE ONLY public.auth_user_user_permissions
    ADD CONSTRAINT auth_user_user_permi_permission_id_1fbb5f2c_fk_auth_perm FOREIGN KEY (permission_id) REFERENCES public.auth_permission(id) DEFERRABLE INITIALLY DEFERRED;


--
-- Name: auth_user_user_permissions auth_user_user_permissions_user_id_a95ead1b_fk_auth_user_id; Type: FK CONSTRAINT; Schema: public; Owner: admin_saude
--

ALTER TABLE ONLY public.auth_user_user_permissions
    ADD CONSTRAINT auth_user_user_permissions_user_id_a95ead1b_fk_auth_user_id FOREIGN KEY (user_id) REFERENCES public.auth_user(id) DEFERRABLE INITIALLY DEFERRED;


--
-- Name: django_admin_log django_admin_log_content_type_id_c4bce8eb_fk_django_co; Type: FK CONSTRAINT; Schema: public; Owner: admin_saude
--

ALTER TABLE ONLY public.django_admin_log
    ADD CONSTRAINT django_admin_log_content_type_id_c4bce8eb_fk_django_co FOREIGN KEY (content_type_id) REFERENCES public.django_content_type(id) DEFERRABLE INITIALLY DEFERRED;


--
-- Name: django_admin_log django_admin_log_user_id_c564eba6_fk_auth_user_id; Type: FK CONSTRAINT; Schema: public; Owner: admin_saude
--

ALTER TABLE ONLY public.django_admin_log
    ADD CONSTRAINT django_admin_log_user_id_c564eba6_fk_auth_user_id FOREIGN KEY (user_id) REFERENCES public.auth_user(id) DEFERRABLE INITIALLY DEFERRED;


--
-- Name: endemias_visita endemias_visita_agente_id_27ed2438_fk_endemias_agente_id; Type: FK CONSTRAINT; Schema: public; Owner: admin_saude
--

ALTER TABLE ONLY public.endemias_visita
    ADD CONSTRAINT endemias_visita_agente_id_27ed2438_fk_endemias_agente_id FOREIGN KEY (agente_id) REFERENCES public.endemias_agente(id) DEFERRABLE INITIALLY DEFERRED;


--
-- Name: endemias_visita endemias_visita_imovel_id_7ed6c3c6_fk_endemias_imovel_id; Type: FK CONSTRAINT; Schema: public; Owner: admin_saude
--

ALTER TABLE ONLY public.endemias_visita
    ADD CONSTRAINT endemias_visita_imovel_id_7ed6c3c6_fk_endemias_imovel_id FOREIGN KEY (imovel_id) REFERENCES public.endemias_imovel(id) DEFERRABLE INITIALLY DEFERRED;


--
-- PostgreSQL database dump complete
--

